country_code,country,1990,1991,1992,1993,1994,1995,1996,1997,1998,1999,2000,2001,2002,2003,2004,2005,2006,2007,2008,2009,2010,2011,2012,2013,2014,2015,2016,2017,2018,2019,2020,2021,population
WLD,World,42034237,42034237,42034237,42001090,41922611,41844131,41765652,41687173,41608693,41530214,41459275,41407133,41354991,41302850,41250708,41198566,41180008,41128321,41076633,41024945,40973257,40928402,40883530,40838658,40793786,40748914,40716300,40647869,40599554,40548782,40499688,40449475,8005501715
AFG,Afghanistan,12084,12084,12084,12084,12084,12084,12084,12084,12084,12084,12084,12084,12084,12084,12084,12084,12084,12084,12084,12084,12084,12084,12084,12084,12084,12084,12084,12084,12084,12084,12084,12084,42239854
ALB,Albania,7888,7869,7849,7830,7810,7791,7771,7752,7732,7713,7693,7706,7719,7731,7744,7757,7770,7782,7795,7808,7821,7835,7849,7863,7878,7892,7892,7889,7889,7889,7889,7889,2832439
DZA,Algeria,16670,16582,16494,16406,16318,16230,16142,16054,15966,15878,15790,16129,16468,16807,17146,17485,17824,18163,18502,18841,19180,19256,19332,19408,19484,19560,19560,19430,19300,19390,19490,19583,45606480
ASM,American Samoa,181,180,180,180,179,179,179,178,178,178,177,177,177,176,176,176,176,175,175,175,174,174,174,173,173,173,173,172,172,172,171,171,43914
AND,Andorra,160,160,160,160,160,160,160,160,160,160,160,160,160,160,160,160,160,160,160,160,160,160,160,160,160,160,160,160,160,160,160,160,80088
AGO,Angola,792628,791074,789519,787965,786411,784857,783303,781749,780194,778640,777086,771535,765985,760434,754884,749333,743782,738232,732681,727131,721580,716029,710479,704928,699378,693827,688276,682726,677175,671624,666074,660523,36684202
ATG,Antigua and Barbuda,101,100,100,99,98,98,97,96,96,95,95,94,93,92,92,91,90,90,89,88,88,87,86,86,85,85,84,83,83,82,81,81,94298
ARG,Argentina,352040,350214,348388,346562,344736,342910,341084,339258,337432,335606,333780,330616,327452,324288,321124,317960,314796,311632,308468,305304,302140,299906,297672,295438,293204,290970,290100,288990,287910,286810,285730,284637,45773884
ARM,Armenia,3343,3343,3343,3341,3339,3337,3335,3333,3331,3328,3326,3324,3322,3320,3318,3316,3314,3312,3310,3308,3306,3304,3301,3299,3297,3295,3293,3291,3289,3287,3285,3283,2777970
ABW,Aruba,4,4,4,4,4,4,4,4,4,4,4,4,4,4,4,4,4,4,4,4,4,4,4,4,4,4,4,4,4,4,4,4,106277
AUS,Australia,1338822,1336754,1334686,1332618,1330550,1328482,1326413,1324345,1322277,1320209,1318141,1315873,1313605,1311337,1309069,1306801,1304533,1302265,1299997,1297729,1295461,1302558,1309655,1316751,1323848,1330945,1340372,1340174,1340051,1340051,1340051,1340051,26439111
AUT,Austria,37757,37819,37882,37944,38007,38069,38132,38194,38256,38319,38381,38406,38432,38457,38482,38507,38532,38557,38582,38607,38632,38668,38704,38740,38776,38812,38848,38884,38920,38956,38992,39027,8958960
AZE,Azerbaijan,9532,9532,9532,9575,9617,9660,9702,9745,9787,9830,9872,9917,9963,10008,10053,10099,10144,10189,10234,10280,10325,10416,10507,10597,10688,10779,10875,10972,11087,11202,11318,11433,10412651
BHS,Bahamas,5099,5099,5099,5099,5099,5099,5099,5099,5099,5099,5099,5099,5099,5099,5099,5099,5099,5099,5099,5099,5099,5099,5099,5099,5099,5099,5099,5099,5099,5099,5099,5099,412623
BHR,Bahrain,2,2,3,3,3,3,3,3,3,4,4,4,4,4,4,4,5,5,5,5,5,5,6,6,6,6,6,6,7,7,7,7,1485509
BGD,Bangladesh,19203,19203,19203,19203,19203,19203,19203,19203,19203,19203,19203,19171,19139,19107,19075,19043,19011,18979,18947,18915,18883,18874,18864,18854,18844,18834,18834,18834,18834,18834,18834,18834,172954319
BRB,Barbados,63,63,63,63,63,63,63,63,63,63,63,63,63,63,63,63,63,63,63,63,63,63,63,63,63,63,63,63,63,63,63,63,281995
BLR,Belarus,78786,78786,78786,79279,79772,80265,80758,81251,81744,82237,82730,83087,83444,83801,84158,84515,84872,85229,85586,85943,86300,86307,86314,86321,86328,86335,87096,87241,87386,87531,87676,87821,9498238
BEL,Belgium,6673,6673,6673,6673,6673,6673,6673,6673,6673,6673,6673,6696,6718,6741,6763,6786,6808,6831,6854,6876,6899,6898,6896,6895,6894,6893,6893,6893,6893,6893,6893,6893,11686140
BLZ,Belize,16000,15860,15719,15578,15437,15297,15156,15015,14874,14734,14593,14525,14457,14389,14321,14253,14186,14118,14050,13982,13914,13797,13680,13563,13445,13328,13217,13105,12994,12882,12771,12659,410825
BEN,Benin,48352,47652,46952,46252,45552,44852,44152,43452,42752,42052,41352,40852,40352,39852,39352,38852,38352,37852,37352,36852,36352,35852,35352,34852,34352,33852,33352,32852,32352,31852,31352,30852,13712828
BMU,Bermuda,10,10,10,10,10,10,10,10,10,10,10,10,10,10,10,10,10,10,10,10,10,10,10,10,10,10,10,10,10,10,10,10,64069
BTN,Bhutan,25067,25166,25266,25365,25464,25564,25663,25762,25861,25961,26060,26159,26259,26358,26457,26556,26656,26755,26854,26954,27053,27073,27092,27112,27132,27152,27172,27191,27211,27231,27251,27271,787424
BOL,Bolivia,578047,575344,572641,569937,567234,564531,561827,559124,556421,553717,551014,548999,546983,544968,542952,540937,538922,536906,534891,532875,530860,528743,526625,524507,522390,520272,517507,514922,512532,510338,508338,506208,12388571
BIH,Bosnia and Herzegovina,21903,21903,21903,21805,21707,21608,21510,21412,21313,21215,21117,21108,21099,21090,21081,21072,21063,21054,21045,21036,21027,21142,21258,21374,21489,21605,21765,21879,21879,21879,21879,21879,3210847
BWA,Botswana,188037,186854,185671,184488,183305,182122,180939,179756,178573,177390,176207,175024,173841,172658,171475,170292,169109,167926,166743,165560,164377,163194,162011,160828,159645,158462,157279,156096,154913,153730,152547,151364,2675352
BRA,Brazil,5888980,5851171,5813361,5775552,5737742,5699933,5662124,5624314,5586505,5548695,5510886,5471378,5431870,5392362,5352854,5313347,5273839,5234331,5194823,5155315,5115807,5100415,5085023,5069632,5054240,5038848,5020821,5000916,4990514,4977985,4966196,4953914,216422446
VGB,British Virgin Islands,37,37,37,37,37,37,37,37,37,37,37,37,37,37,37,37,37,36,36,36,36,36,36,36,36,36,36,36,36,36,36,36,31538
BRN,Brunei,4130,4114,4098,4082,4066,4050,4034,4018,4002,3986,3970,3953,3936,3919,3902,3885,3868,3851,3834,3817,3800,3800,3800,3800,3800,3800,3800,3800,3800,3800,3800,3800,452524
BGR,Bulgaria,33270,33318,33366,33414,33462,33510,33558,33606,33654,33702,33750,34112,34474,34836,35198,35560,35922,36284,36646,37008,37370,37562,37754,37946,38138,38330,38410,38540,38670,38800,38930,39060,6687717
BFA,Burkina Faso,77166,76666,76166,75666,75166,74666,74165,73665,73165,72665,72165,71665,71165,70665,70165,69665,69165,68665,68165,67665,67165,66665,66165,65664,65164,64664,64164,63664,63164,62664,62164,61664,23251485
BDI,Burundi,2765,2682,2600,2517,2435,2352,2270,2187,2104,2022,1939,1939,1939,1939,1939,1939,1939,1939,1939,1939,1939,2111,2282,2454,2625,2796,2796,2796,2796,2796,2796,2796,13238559
CPV,Cape Verde,154,178,202,227,251,276,300,324,349,373,397,400,403,406,409,412,415,418,421,424,427,430,433,436,439,442,445,448,451,454,457,460,598682
KHM,Cambodia,110048,109824,109600,109377,109153,108929,108705,108481,108258,108034,107810,107618,107426,107235,107043,106851,106659,106468,106276,106084,105892,102407,98923,95438,91953,88468,86911,85354,83798,82241,80684,79127,16944826
CMR,Cameroon,225000,224097,223195,222292,221390,220487,219585,218682,217780,216877,215975,215278,214581,213884,213187,212490,211793,211096,210399,209702,209005,208445,207885,207325,206765,206205,205645,205085,204525,203965,203405,202845,28647293
CAN,Canada,3482729,3482258,3481787,3481316,3480845,3480375,3479904,3479433,3478962,3478491,3478020,3477540,3477060,3476580,3476101,3475621,3475141,3474661,3474182,3473702,3473222,3472809,3472396,3471983,3471570,3471157,3470760,3470391,3470021,3469651,3469281,3468911,38781291
CYM,Cayman Islands,131,131,131,131,131,130,130,130,130,130,129,129,129,129,128,128,128,128,128,127,127,127,127,127,127,127,127,127,128,127,127,127,69310
CAF,Central African Republic,232030,231730,231430,231130,230830,230530,230230,229930,229630,229330,229030,228730,228430,228130,227830,227530,227230,226930,226630,226330,226030,225730,225430,225130,224830,224530,224230,223930,223630,223330,223030,222730,5742315
TCD,Chad,67300,66923,66546,66169,65792,65415,65038,64661,64284,63907,63530,62707,61884,61061,60238,59415,58592,57769,56946,56123,55300,54020,52740,51460,50180,48900,47690,46510,45350,44220,43130,42013,18278568
CHL,Chile,152461,153032,153603,154174,154745,155316,155887,156458,157029,157600,158171,159079,159987,160895,161803,162712,163620,164528,165436,166344,167253,168994,170736,172478,174219,175961,177190,178419,179649,180878,182107,183336,19629590
CHN,China,1571406,1591266,1611126,1630986,1650846,1670706,1690566,1710426,1730286,1750146,1770006,1793615,1817225,1840835,1864445,1888055,1911664,1935274,1958884,1982494,2006104,2025472,2044839,2064207,2083575,2102943,2124599,2143395,2162190,2180986,2199782,2218578,1425671352
COL,Colombia,649581,647359,645136,642913,640691,638468,636246,634023,631800,629578,627355,625427,623500,621572,619644,617716,615789,613861,611933,610006,608078,606732,605385,604039,602693,601347,599595,597398,595405,593412,591419,589426,52085168
COM,Comoros,461,456,452,447,443,439,434,430,426,421,417,412,408,404,399,395,391,386,382,377,373,369,364,360,355,351,347,342,338,334,329,325,852075
COD,DR Congo,1506290,1499560,1492830,1486100,1479370,1472640,1465910,1459180,1452450,1445720,1438990,1432260,1425530,1418800,1412070,1405340,1398610,1391880,1385150,1378420,1371690,1360676,1349662,1338649,1327635,1316621,1305607,1294594,1283580,1272566,1261552,1250539,102262808
COG,Republic of the Congo,223150,223030,222910,222790,222670,222550,222430,222310,222190,222070,221950,221830,221710,221590,221470,221350,221230,221110,220990,220870,220750,220630,220510,220390,220270,220150,220030,219910,219760,219610,219460,219310,6106869
CRI,Costa Rica,29074,29024,28974,28923,28873,28823,28773,28723,28673,28622,28572,28586,28600,28614,28628,28642,28656,28670,28684,28698,28712,28876,29039,29203,29367,29530,29694,29858,30021,30185,30349,30512,5212173
CIV,Ivory Coast,78509,75752,72996,70239,67483,64727,61970,59214,56457,53701,50945,49816,48687,47558,46429,45300,44171,43042,41914,40785,39656,38527,37398,36269,35140,34012,32883,31754,30625,29496,28367,27238,28873034
HRV,Croatia,18570,18570,18570,18605,18640,18675,18710,18745,18780,18815,18850,18885,18920,18955,18990,19025,19060,19095,19130,19165,19200,19204,19208,19212,19216,19220,19241,19316,19341,19366,19391,19416,4008617
CUB,Cuba,20580,20957,21334,21711,22088,22465,22842,23219,23596,23973,24350,24847,25344,25841,26338,26835,27332,27829,28326,28823,29320,29824,30328,30832,31336,31840,32410,32420,32420,32420,32420,32420,11194449
CUW,Curacao,1,1,1,1,1,1,1,1,1,1,1,1,1,1,1,1,1,1,1,1,1,1,1,1,1,1,1,1,1,1,1,1,192077
CYP,Cyprus,1611,1622,1632,1643,1653,1664,1674,1685,1695,1706,1716,1717,1719,1720,1721,1722,1723,1725,1726,1727,1728,1728,1728,1728,1727,1727,1726,1726,1726,1726,1725,1725,1260138
CZE,Czech Republic,26318,26318,26318,26318,26326,26334,26341,26349,26357,26365,26373,26393,26413,26433,26453,26473,26493,26514,26534,26554,26574,26596,26618,26640,26662,26684,26699,26717,26735,26753,26771,26789,10495295
DNK,Denmark,5314,5355,5395,5435,5475,5515,5555,5596,5636,5676,5716,5731,5746,5761,5776,5790,5805,5820,5835,5850,5865,5941,6018,6094,6170,6247,6247,6256,6266,6275,6284,6294,5910913
DJI,Djibouti,56,56,56,56,56,56,56,56,56,56,56,56,56,56,56,56,56,56,56,56,56,56,56,56,56,56,56,56,56,57,58,59,1136455
DMA,Dominica,503,501,498,496,493,491,488,486,484,481,479,479,479,479,479,479,479,479,479,479,479,479,479,479,479,479,479,479,479,479,479,479,73040
DOM,Dominican Republic,15949,16326,16704,17082,17459,17837,18214,18592,18970,19347,19725,19825,19926,20027,20127,20228,20329,20429,20530,20631,20731,20792,20853,20914,20975,21037,21117,21198,21279,21360,21441,21522,11332972
ECU,Ecuador,146322,145420,144519,143617,142715,141814,140912,140010,139108,138207,137305,136603,135900,135198,134496,133793,133091,132389,131687,130984,130282,129864,129446,129028,128610,128192,127549,126906,126264,125621,124978,124336,18190484
EGY,Egypt,438,454,469,484,500,515,531,546,561,577,592,599,605,611,618,624,631,637,644,650,656,622,588,553,519,484,450,450,450,450,450,450,112716598
SLV,El Salvador,7189,7144,7099,7054,7009,6964,6919,6874,6829,6784,6739,6694,6649,6604,6559,6514,6469,6424,6379,6334,6289,6244,6199,6154,6109,6064,6019,5974,5929,5884,5839,5794,6364943
GNQ,Equatorial Guinea,26992,26908,26824,26741,26657,26574,26490,26407,26323,26239,26156,26072,25989,25905,25822,25738,25654,25571,25487,25404,25320,25237,25153,25069,24986,24902,24819,24735,24651,24568,24484,24401,1714671
ERI,Eritrea,11406,11406,11406,11406,11374,11343,11311,11279,11248,11216,11185,11153,11121,11090,11058,11027,10995,10963,10932,10900,10869,10837,10805,10774,10742,10711,10679,10647,10616,10584,10553,10521,3748901
EST,Estonia,22125,22125,22125,22158,22191,22224,22257,22290,22323,22356,22389,22486,22583,22680,22777,22875,22972,23069,23166,23263,23360,23530,23700,23870,24040,24210,24213,24384,24384,24384,24384,24384,1322765
SWZ,Eswatini,4611,4624,4636,4648,4660,4672,4684,4696,4709,4721,4733,4745,4757,4769,4781,4794,4806,4818,4830,4842,4854,4866,4879,4891,4903,4915,4927,4939,4951,4964,4976,4988,1210822
ETH,Ethiopia,204086,203324,202562,190395,189665,188935,188205,187475,186745,186015,185285,184555,183825,183095,182365,181635,180905,180175,179445,178715,177985,177255,176525,175795,175065,174335,173605,172875,172145,171415,170685,169955,126527060
FRO,Faroe Islands,1,1,1,1,1,1,1,1,1,1,1,1,1,1,1,1,1,1,1,1,1,1,1,1,1,1,1,1,1,1,1,1,53270
FJI,Fiji,9397,9464,9530,9597,9664,9731,9798,9864,9931,9998,10065,10131,10198,10265,10332,10399,10465,10532,10599,10666,10732,10799,10866,10933,10999,11066,11133,11200,11267,11333,11400,11467,936375
FIN,Finland,218753,219324,219894,220464,221035,221605,222175,222745,223316,223886,224456,224253,224049,223845,223642,223438,223235,223031,222827,222624,222420,222754,223088,223422,223756,224090,224090,224090,224090,224090,224090,224090,5545475
FRA,France,144360,145212,146064,146916,147768,148620,149472,150324,151176,152028,152880,154011,155142,156273,157404,158535,159666,160797,161928,163059,164190,165024,165858,166692,167526,168360,169194,170028,170862,171696,172530,173364,64756584
PYF,French Polynesia,1444,1448,1453,1457,1461,1465,1469,1473,1477,1481,1486,1486,1487,1488,1489,1490,1491,1492,1493,1494,1495,1495,1495,1495,1495,1495,1495,1495,1495,1495,1495,1495,308872
GAB,Gabon,237616,237555,237493,237431,237370,237308,237246,237185,237123,237062,237000,236949,236899,236848,236798,236747,236696,236646,236595,236545,236494,236375,236256,236138,236019,235900,235781,235662,235544,235425,235306,235187,2436566
GMB,Gambia,4147,4089,4032,3975,3917,3860,3803,3745,3688,3631,3573,3516,3459,3401,3344,3287,3229,3172,3115,3057,3000,2943,2885,2828,2771,2713,2656,2599,2541,2484,2427,2369,2773168
GEO,Georgia,27540,27540,27540,27548,27556,27565,27573,27581,27589,27598,27606,27668,27730,27791,27853,27915,27977,28039,28100,28162,28224,28224,28224,28224,28224,28224,28224,28224,28224,28224,28224,28224,3728282
DEU,Germany,113000,113054,113108,113162,113216,113270,113324,113378,113432,113486,113540,113595,113650,113705,113760,113815,113870,113925,113980,114035,114090,114110,114130,114150,114170,114190,114190,114190,114190,114190,114190,114190,83294633
GHA,Ghana,99243,98167,97091,96016,94940,93864,92789,91713,90637,89562,88486,87580,86675,85769,84863,83958,83052,82146,81241,80335,79429,79304,79179,79054,78929,78804,79222,79640,79713,79785,79857,79929,34121985
GIB,Gibraltar,0,0,0,0,0,0,0,0,0,0,0,0,0,0,0,0,0,0,0,0,0,0,0,0,0,0,0,0,0,0,0,0,32688
GRC,Greece,32986,33287,33589,33891,34192,34494,34796,35097,35399,35701,36002,36304,36605,36907,37209,37510,37812,38113,38415,38716,39018,39018,39018,39018,39018,39018,39018,39018,39018,39018,39018,39018,10341277
GRL,Greenland,2,2,2,2,2,2,2,2,2,2,2,2,2,2,2,2,2,2,2,2,2,2,2,2,2,2,2,2,2,2,2,2,56643
GRD,Grenada,177,177,177,177,177,177,177,177,177,177,177,177,177,177,177,177,177,177,177,177,177,177,177,177,177,177,177,177,177,177,177,177,126183
GUM,Guam,240,240,240,240,240,240,240,240,240,240,240,240,240,240,240,240,240,240,240,240,240,242,244,246,248,250,280,280,280,280,280,280,172952
GTM,Guatemala,47812,47240,46668,46096,45524,44952,44380,43808,43236,42664,42092,41605,41119,40632,40146,39659,39172,38686,38199,37713,37226,36952,36679,36405,36132,35858,35742,35626,35510,35394,35278,35162,18092026
GIN,Guinea,72760,72413,72066,71719,71372,71025,70678,70331,69984,69637,69290,68930,68570,68210,67850,67490,67130,66770,66410,66050,65690,65330,64970,64610,64250,63890,63490,63090,62690,62290,61890,61490,14190612
GNB,Guinea-Bissau,22333,22249,22164,22080,21996,21911,21827,21742,21658,21573,21489,21404,21320,21235,21151,21067,20982,20898,20813,20729,20644,20560,20475,20391,20307,20222,20138,20053,19969,19885,19800,19716,2150842
GUY,Guyana,186022,185984,185946,185908,185870,185832,185794,185756,185718,185680,185642,185598,185553,185509,185465,185420,185376,185331,185287,185243,185198,185081,184964,184847,184731,184614,184522,184430,184338,184245,184153,184061,813834
HTI,Haiti,3829,3827,3825,3822,3820,3818,3816,3813,3811,3809,3807,3804,3802,3800,3797,3795,3793,3791,3788,3786,3784,3753,3722,3691,3660,3629,3597,3566,3535,3504,3473,3442,11724763
HND,Honduras,69878,69668,69459,69249,69040,68830,68621,68411,68202,67992,67783,67580,67377,67174,66972,66769,66566,66363,66160,65958,65755,65531,65308,65085,64862,64638,64431,64221,64012,63802,63593,63383,10593798
HUN,Hungary,18139,18246,18354,18461,18568,18675,18783,18890,18997,19104,19212,19337,19462,19587,19713,19838,19963,20088,20213,20339,20464,20493,20522,20550,20579,20608,20587,20573,20559,20545,20530,20516,10156239
ISL,Iceland,171,183,196,209,222,235,247,260,273,286,298,313,328,343,358,373,387,402,417,432,447,454,461,468,475,482,487,494,500,507,514,520,375318
IND,India,639380,643033,646686,650339,653992,657645,661298,664951,668604,672257,675910,677815,679720,681625,683530,685435,687340,689245,691150,693055,694960,697624,700288,702952,705616,708280,710944,713608,716272,718936,721600,724264,1428627663
IDN,Indonesia,1185450,1168185,1150920,1133655,1116390,1099125,1081860,1064595,1047330,1030065,1012800,1011179,1009558,1007938,1006317,1004696,1003075,1001454,999834,998213,996592,987329,978067,968804,959542,950279,952718,939498,933443,927387,921332,915277,277534122
IRN,Iran,90761,91010,91260,91509,91759,92009,92258,92508,92757,93007,93257,94623,95989,97356,98722,100088,101455,102821,104187,105553,106920,106920,106920,106920,106920,106920,107021,107106,107270,107435,107519,107656,89172767
IRQ,Iraq,8040,8054,8068,8082,8096,8110,8124,8138,8152,8166,8180,8187,8194,8201,8208,8215,8222,8229,8236,8243,8250,8250,8250,8250,8250,8250,8250,8250,8250,8250,8250,8250,45504560
IRL,Ireland,4616,4785,4954,5123,5291,5460,5629,5797,5966,6135,6304,6394,6484,6574,6664,6754,6844,6934,7024,7114,7204,7272,7341,7410,7478,7547,7624,7700,7740,7780,7820,7860,5056935
IMN,Isle of Man,35,35,35,35,35,35,35,35,35,35,35,35,35,35,35,35,35,35,35,35,35,35,35,35,35,35,35,35,35,35,35,35,84710
ISR,Israel,1320,1341,1362,1383,1404,1425,1446,1467,1488,1509,1530,1531,1532,1533,1534,1535,1536,1537,1538,1539,1540,1562,1584,1606,1628,1650,1400,1400,1400,1400,1400,1400,9174520
ITA,Italy,75898,76677,77457,78236,79016,79795,80575,81354,82134,82913,83693,84351,85010,85669,86328,86986,87645,88304,88963,89622,90280,90818,91357,91895,92433,92971,93509,94047,94585,95123,95661,96199,58870762
JAM,Jamaica,5213,5213,5212,5212,5212,5211,5211,5211,5211,5210,5210,5247,5285,5322,5360,5397,5435,5472,5510,5547,5585,5623,5661,5699,5737,5775,5813,5852,5891,5930,5969,6008,2825544
JPN,Japan,249500,249426,249352,249278,249204,249130,249056,248982,248908,248834,248760,248850,248940,249030,249120,249210,249300,249390,249480,249570,249660,249616,249572,249528,249484,249440,249400,249350,249350,249350,249350,249350,123294513
JOR,Jordan,975,975,975,975,975,975,975,975,975,975,975,975,975,975,975,975,975,975,975,975,975,975,975,975,975,975,975,975,975,975,975,975,11337052
KAZ,Kazakhstan,31612,31612,31612,31606,31601,31596,31591,31585,31580,31575,31569,31495,31420,31345,31270,31196,31121,31046,30971,30897,30822,31274,31727,32179,32632,33085,33377,33670,33962,34254,34547,34839,19606633
KEN,Kenya,38585,38688,38791,38893,38996,39099,39201,39304,39407,39509,39612,39267,38922,38577,38233,37888,37543,37198,36853,36508,36163,35976,35788,35600,35412,35224,35520,35815,36111,36111,36111,36111,55100586
KIR,Kiribati,12,12,12,12,12,12,12,12,12,12,12,12,12,12,12,12,12,12,12,12,12,12,12,12,12,12,12,12,12,12,12,12,133515
PRK,North Korea,69120,68663,68206,67748,67291,66834,66376,65919,65462,65004,64547,64335,64122,63910,63698,63485,63273,63061,62849,62636,62424,62212,61999,61787,61575,61362,61150,60938,60726,60513,60301,60089,26160821
KOR,South Korea,65510,65435,65360,65285,65210,65135,65060,64985,64910,64835,64760,64671,64582,64493,64404,64315,64226,64137,64048,63959,63870,63770,63670,63570,63470,63370,63250,63170,63070,62970,62870,62770,51784059
KWT,Kuwait,35,36,37,39,40,42,43,44,46,47,49,50,51,53,54,56,57,58,60,61,63,63,63,63,63,63,63,63,63,63,63,63,4310108
KGZ,Kyrgyzstan,11453,11453,11453,11498,11542,11587,11631,11676,11720,11765,11809,11858,11907,11955,12004,12053,12102,12150,12199,12248,12297,12341,12385,12430,12474,12518,12562,12607,12789,12971,13154,13336,6735347
LAO,Laos,178430,178012,177594,177176,176758,176340,175922,175504,175086,174668,174250,173766,173281,172797,172312,171828,171343,170859,170374,169890,169405,169060,168715,168370,168025,167680,167335,166990,166645,166300,165955,165610,7633779
LVA,Latvia,31866,31866,31866,31934,32002,32070,32138,32206,32274,32342,32410,32541,32672,32803,32934,33066,33197,33328,33459,33590,33721,33760,33798,33837,33876,33914,33953,33992,34031,34069,34108,34147,1830211
LBN,Lebanon,1397,1395,1394,1392,1391,1389,1388,1386,1385,1383,1382,1381,1380,1379,1378,1378,1377,1376,1375,1374,1374,1379,1385,1391,1397,1403,1409,1415,1421,1427,1433,1439,5353930
LSO,Lesotho,345,345,345,345,345,345,345,345,345,345,345,345,345,345,345,345,345,345,345,345,345,345,345,345,345,345,345,345,345,345,345,345,2330318
LBR,Liberia,85252,84950,84647,84345,84042,83739,83437,83134,82832,82529,82226,81924,81621,81319,81016,80713,80411,80108,79806,79503,79200,78898,78595,78293,77990,77687,77385,77082,76780,76477,76174,75872,5418377
LBY,Libya,2170,2170,2170,2170,2170,2170,2170,2170,2170,2170,2170,2170,2170,2170,2170,2170,2170,2170,2170,2170,2170,2170,2170,2170,2170,2170,2170,2170,2170,2170,2170,2170,6888388
LIE,Liechtenstein,65,65,65,66,66,66,66,66,67,67,67,67,67,67,67,67,67,67,67,67,67,67,67,67,67,67,67,67,67,67,67,67,39584
LTU,Lithuania,19600,19600,19600,19675,19750,19825,19900,19975,20050,20125,20200,20350,20500,20650,20800,20950,21100,21250,21400,21550,21700,21734,21768,21802,21836,21870,21900,21960,21980,22000,22010,22027,2718352
LUX,Luxembourg,867,867,867,867,867,867,867,867,867,867,867,869,871,873,875,877,879,881,883,885,887,887,887,887,887,887,887,887,887,887,887,887,654768
MDG,Madagascar,136935,136272,135609,134946,134283,133621,132958,132295,131632,130969,130307,129838,129369,128901,128432,127963,127495,127026,126557,126088,125620,125488,125355,125223,125091,124959,124827,124695,124562,124430,124298,124166,30325732
MWI,Malawi,35017,34597,34177,33757,33337,32917,32497,32077,31657,31237,30817,30397,29977,29557,29137,28717,28297,27877,27457,27037,26617,26197,25777,25357,24937,24517,24097,23677,23257,22837,22417,21997,20931751
MYS,Malaysia,206185,205258,204331,203404,202476,201549,200622,199695,198768,197841,196914,196170,195426,194682,193939,193195,192451,191708,190964,190220,189477,190510,191543,192576,193609,194642,193146,192645,192143,191642,191140,190639,34308525
MDV,Maldives,8,8,8,8,8,8,8,8,8,8,8,8,8,8,8,8,8,8,8,8,8,8,8,8,8,8,8,8,8,8,8,8,521021
MLI,Mali,132960,132960,132960,132960,132960,132960,132960,132960,132960,132960,132960,132960,132960,132960,132960,132960,132960,132960,132960,132960,132960,132960,132960,132960,132960,132960,132960,132960,132960,132960,132960,132960,23293698
MLT,Malta,4,4,4,4,4,4,4,4,4,4,4,4,4,4,4,4,4,4,4,4,4,4,4,4,4,4,4,4,5,5,5,5,535064
MHL,Marshall Islands,94,94,94,94,94,94,94,94,94,94,94,94,94,94,94,94,94,94,94,94,94,94,94,94,94,94,94,94,94,94,94,94,41996
MRT,Mauritania,4760,4706,4652,4597,4543,4488,4434,4380,4325,4271,4216,4162,4108,4053,3999,3944,3890,3836,3781,3727,3672,3618,3564,3509,3455,3400,3346,3292,3237,3183,3128,3074,4862989
MUS,Mauritius,411,412,412,413,414,415,416,417,418,418,419,416,412,409,405,402,398,395,391,387,384,384,384,383,383,383,383,387,387,387,388,388,1300557
MEX,Mexico,705917,703706,701496,699286,697075,694865,692655,690444,688234,686024,683814,682375,680937,679499,678061,676623,675185,673747,672309,670871,669433,668208,666984,665759,664534,663309,662032,660754,659476,658199,656921,655643,128455567
FSM,Micronesia,636,636,636,637,637,637,637,638,638,638,639,639,639,639,640,640,640,640,641,641,641,642,642,642,642,643,643,643,644,644,644,645,115224
MDA,Moldova,3292,3292,3292,3311,3330,3349,3368,3387,3406,3425,3444,3474,3504,3534,3564,3595,3625,3655,3685,3715,3745,3769,3793,3816,3840,3864,3865,3865,3865,3865,3865,3865,3435931
MNG,Mongolia,143520,143432,143344,143256,143168,143080,142991,142903,142815,142727,142639,142559,142479,142399,142319,142239,142159,142079,141999,141919,141839,141828,141817,141806,141794,141783,141772,141761,141750,141739,141728,141717,3447157
MNE,Montenegro,7466,7466,7466,7466,7466,7466,7466,7466,7466,7466,7466,7466,7466,7466,7466,7466,7466,7667,7868,8069,8270,8270,8270,8270,8270,8270,8270,8270,8270,8270,8270,8270,626485
MAR,Morocco,54853,54874,54895,54917,54938,54959,54980,55002,55023,55044,55065,55233,55401,55569,55738,55906,56074,56242,56410,56578,56746,56766,56786,56806,56827,56847,56998,57116,57216,57321,57425,57530,37840044
MOZ,Mozambique,433780,431590,429400,427210,425020,422830,420640,418450,416260,414070,411880,409664,407448,405232,403017,400801,398585,396369,394153,391937,389721,387657,385593,383529,381464,379400,376283,374066,372242,369661,367438,364976,33897354
MMR,Myanmar,392185,387834,383484,379134,374783,370433,366083,361732,357382,353031,348681,345254,341827,338400,334973,331546,328118,324691,321264,317837,314410,311513,308616,305719,302822,299924,297027,294130,291233,288336,285439,282542,54577997
NAM,Namibia,87692,86982,86272,85561,84851,84141,83431,82721,82011,81301,80591,79881,79171,78461,77750,77040,76330,75620,74910,74200,73490,72780,72070,71360,70650,69940,69229,68519,67809,67099,66389,65679,2604172
NPL,Nepal,56720,56829,56938,57046,57155,57264,57373,57481,57590,57699,57808,57989,58170,58351,58533,58714,58895,59076,59258,59439,59620,59620,59620,59620,59620,59620,59620,59620,59620,59620,59620,59620,30896590
NLD,Netherlands,3453,3467,3482,3496,3510,3524,3538,3552,3567,3581,3595,3609,3623,3637,3651,3665,3679,3693,3707,3721,3735,3718,3700,3683,3666,3648,3658,3667,3676,3686,3695,3704,17618299
NCL,New Caledonia,8311,8318,8325,8331,8338,8345,8352,8358,8365,8372,8379,8380,8381,8382,8383,8384,8386,8387,8388,8389,8390,8389,8388,8387,8386,8385,8384,8383,8382,8381,8380,8379,292991
NZL,New Zealand,93723,94201,94679,95157,95635,96114,96592,97070,97548,98026,98504,98502,98500,98497,98495,98493,98490,98488,98486,98484,98481,98478,98475,98472,98469,98466,98468,98509,98552,98655,98926,99085,5228100
NIC,Nicaragua,63993,62993,61993,60993,59993,58993,57993,56993,55993,54993,53993,52782,51571,50360,49149,47937,46726,45515,44304,43093,41882,41320,40759,40198,39637,39075,38075,37075,36075,35075,34075,33075,7046310
NER,Niger,19450,18833,18216,17599,16982,16366,15749,15132,14515,13898,13281,13157,13033,12908,12784,12660,12536,12412,12287,12163,12039,11915,11791,11666,11542,11418,11294,11170,11045,10921,10797,10673,27202843
NGA,Nigeria,265261,263628,261995,260362,258729,257096,255463,253830,252197,250563,248930,247297,245664,244031,242398,240765,239132,237499,235866,234233,232600,230967,229334,227701,226068,224435,222801,221169,219536,217903,216270,214637,223804632
MKD,North Macedonia,9211,9211,9211,9257,9302,9348,9393,9439,9484,9530,9576,9578,9581,9584,9587,9590,9593,9596,9599,9601,9604,9672,9740,9808,9876,9944,10017,10015,10015,10015,10015,10015,2085679
MNP,Northern Mariana Islands,334,334,333,331,330,328,326,325,323,321,320,318,316,315,313,311,310,308,306,305,303,302,300,298,297,295,244,244,244,244,244,244,49796
NOR,Norway,121320,121301,121282,121263,121244,121225,121206,121187,121168,121149,121130,121119,121108,121097,121086,121075,121064,121053,121042,121031,121020,121098,121176,121254,121332,121410,121488,121566,121644,121722,121800,121878,5474360
OMN,Oman,30,30,30,30,30,30,30,30,30,30,30,30,30,30,30,30,30,30,30,30,30,30,30,30,30,30,28,27,26,25,25,24,4644384
PAK,Pakistan,49868,49392,48917,48441,47966,47490,47015,46539,46064,45588,45113,44695,44278,43860,43442,43025,42607,42190,41772,41355,40937,40615,40293,39971,39648,39326,38682,38499,38086,37672,37259,36846,240485658
PLW,Palau,383,383,384,386,387,389,390,392,393,394,396,397,398,399,400,401,402,403,404,405,406,406,407,408,409,410,411,412,413,413,414,415,18058
PAN,Panama,46074,45909,45743,45578,45413,45248,45082,44917,44752,44587,44421,44307,44193,44079,43965,43851,43737,43622,43508,43394,43280,43166,43052,42937,42823,42709,42595,42481,42367,42253,42138,42024,4468087
PNG,Papua New Guinea,363997,363875,363753,363632,363510,363388,363267,363145,363023,362901,362780,362681,362582,362482,362383,362284,362185,362086,361987,361888,361789,361480,361171,360862,360553,360244,359899,359564,359228,358893,358558,358222,10329931
PRY,Paraguay,255459,252904,250350,247796,245242,242688,240133,237579,235025,232471,229917,226495,223074,219652,216231,212809,209388,205966,202545,199124,195702,191560,187417,183274,179132,174989,173331,169403,166609,163816,161023,158229,6861524
PER,Peru,764485,763335,762184,761033,759883,758732,757581,756430,755280,754129,752978,751730,750482,749234,747986,746738,745490,744242,742994,741746,740498,738787,737077,735366,733656,731945,730103,728348,726760,725032,723304,721575,34352719
PHL,Philippines,77788,77319,76849,76379,75910,75440,74971,74501,74032,73562,73093,72623,72154,71684,71214,70745,70275,69806,69336,68867,68397,68746,69095,69444,69793,70142,70490,70839,71188,71537,71886,72235,117337368
POL,Poland,88820,88997,89174,89351,89528,89705,89882,90059,90236,90413,90590,90860,91130,91400,91670,91940,92210,92480,92750,93020,93290,93472,93654,93836,94018,94200,94350,94470,94590,94710,94830,94950,41026067
PRT,Portugal,33990,33872,33754,33636,33518,33400,33282,33164,33046,32928,32810,32781,32752,32723,32694,32665,32636,32607,32578,32549,32520,32640,32760,32880,33000,33120,33120,33120,33120,33120,33120,33120,10247605
PRI,Puerto Rico,3203,3312,3421,3530,3639,3747,3856,3965,4074,4183,4292,4354,4416,4478,4541,4603,4665,4728,4790,4852,4915,4919,4924,4929,4934,4939,4944,4949,4954,4958,4963,4968,3260314
ROU,Romania,63710,63705,63700,63695,63690,63685,63680,63675,63670,63665,63660,63809,63958,64107,64256,64405,64554,64703,64852,65001,65150,65922,66694,67466,68238,69010,69291,69291,69291,69291,69291,69291,19892812
RUS,Russia,8090136,8090136,8090136,8090455,8090773,8091092,8091411,8091729,8092048,8092366,8092685,8098552,8104419,8110286,8116153,8122021,8127888,8133755,8139622,8145489,8151356,8150946,8150535,8150125,8149715,8149305,8151210,8153116,8153116,8153116,8153116,8153116,144444359
RWA,Rwanda,3170,3140,3110,3080,3050,3020,2990,2960,2930,2900,2870,2848,2826,2804,2782,2760,2738,2716,2694,2672,2650,2660,2670,2680,2690,2700,2720,2730,2740,2750,2760,2770,14094683
WSM,Samoa,1761,1756,1752,1747,1742,1737,1732,1728,1723,1718,1713,1708,1703,1699,1694,1689,1684,1679,1675,1670,1665,1660,1655,1650,1646,1641,1636,1631,1626,1622,1617,1612,225681
SMR,San Marino,10,10,10,10,10,10,10,10,10,10,10,10,10,10,10,10,10,10,10,10,10,10,10,10,10,10,10,10,10,10,10,10,33642
STP,Sao Tome and Principe,586,586,586,585,585,585,585,584,584,584,584,583,583,583,583,582,582,582,582,581,581,575,569,562,556,550,544,538,531,525,519,513,231856
SAU,Saudi Arabia,9770,9770,9770,9770,9770,9770,9770,9770,9770,9770,9770,9770,9770,9770,9770,9770,9770,9770,9770,9770,9770,9770,9770,9770,9770,9770,9770,9770,9770,9770,9770,9770,36947025
SEN,Senegal,93032,92582,92132,91682,91232,90782,90332,89882,89432,88982,88532,88147,87762,87377,86992,86607,86222,85837,85452,85067,84682,84282,83882,83482,83082,82682,82282,81882,81482,81082,80682,80282,17763163
SRB,Serbia,26118,26118,26118,26118,26118,26118,26118,26118,26118,26118,26118,26118,26118,26118,26118,26118,26118,26371,26624,26877,27130,27143,27156,27169,27182,27195,27202,27219,27220,27222,27227,27229,7149077
SYC,Seychelles,337,337,337,337,337,337,337,337,337,337,337,337,337,337,337,337,337,337,337,337,337,337,337,337,337,337,337,337,337,337,337,337,107660
SLE,Sierra Leone,31267,31070,30872,30675,30478,30281,30083,29886,29689,29492,29294,29097,28900,28702,28505,28308,28111,27913,27716,27519,27322,27124,26927,26730,26533,26335,26138,25941,25743,25546,25349,25152,8791092
SGP,Singapore,148,150,153,155,157,159,161,164,166,168,170,171,172,172,173,174,174,175,176,177,177,175,172,170,167,165,163,161,159,158,156,154,6014723
SXM,Sint Maarten,4,4,4,4,4,4,4,4,4,4,4,4,4,4,4,4,4,4,4,4,4,4,4,4,4,4,4,4,4,4,4,4,44222
SVK,Slovakia,19022,19022,19022,19022,19021,19019,19018,19017,19016,19015,19014,19031,19047,19064,19080,19097,19113,19130,19146,19163,19179,19187,19194,19202,19210,19218,19234,19259,19259,19259,19259,19259,5795199
SVN,Slovenia,11970,11970,11970,12015,12060,12105,12150,12195,12240,12285,12330,12344,12358,12372,12386,12400,12414,12428,12442,12456,12470,12472,12474,12476,12478,12480,12460,12439,12419,12399,12378,12358,2119675
SLB,Solomon Islands,25449,25442,25434,25427,25420,25413,25405,25398,25391,25383,25376,25369,25361,25354,25347,25339,25332,25325,25317,25310,25303,25295,25288,25281,25274,25266,25259,25252,25244,25237,25230,25222,740424
SOM,Somalia,82825,82058,81290,80523,79755,78988,78220,77453,76685,75918,75150,74383,73615,72848,72080,71313,70545,69778,69010,68243,67475,66708,65940,65173,64405,63638,62870,62103,61335,60568,59800,59033,18143378
ZAF,South Africa,181421,181057,180693,180329,179965,179601,179237,178873,178509,178145,177781,177417,177053,176689,176325,175961,175597,175233,174869,174505,174141,173777,173413,173049,172685,172321,171957,171593,171229,170865,170501,170137,60414495
SSD,South Sudan,71570,71570,71570,71570,71570,71570,71570,71570,71570,71570,71570,71570,71570,71570,71570,71570,71570,71570,71570,71570,71570,71570,71570,71570,71570,71570,71570,71570,71570,71570,71570,71570,11088796
ESP,Spain,139047,142236,145425,148614,151804,154993,158182,161371,164561,167750,170939,172391,173842,175294,176745,178196,179648,181099,182551,184002,185453,185465,185477,185488,185500,185512,185552,185593,185636,185679,185722,185765,47519628
LKA,Sri Lanka,23503,23319,23135,22952,22768,22584,22400,22216,22032,21848,21664,21601,21539,21476,21413,21350,21287,21225,21162,21099,21036,21087,21137,21187,21238,21288,21257,21225,21193,21162,21130,21099,21893579
KNA,Saint Kitts and Nevis,110,110,110,110,110,110,110,110,110,110,110,110,110,110,110,110,110,110,110,110,110,110,110,110,110,110,110,110,110,110,110,110,47755
LCA,Saint Lucia,213,212,212,212,212,211,211,211,211,210,210,210,210,209,209,209,209,208,208,208,208,208,208,208,208,208,208,208,208,208,208,208,180251
MAF,Saint Martin,12,12,12,12,12,12,12,12,12,12,12,12,12,12,12,12,12,12,12,12,12,12,12,12,12,12,12,12,12,12,12,12,32077
VCT,Saint Vincent and the Grenadines,275,276,277,278,279,280,281,282,283,284,285,285,285,285,285,285,285,285,285,285,285,285,285,285,285,285,285,285,285,285,285,285,103698
SDN,Sudan,307273,305529,303785,302041,300297,298552,296808,295064,293320,291576,289832,288087,286342,284597,282852,281107,279362,277617,275872,274127,272382,270639,197327,195584,193842,192099,190482,188760,187039,185317,183596,181874,48109006
SUR,Suriname,153776,153740,153703,153666,153629,153593,153556,153519,153482,153445,153409,153368,153327,153286,153245,153204,153163,153122,153081,153040,152999,152902,152806,152709,152613,152517,152403,152330,152208,152085,151963,151840,623236
SWE,Sweden,280630,280730,280830,280930,281030,281130,281230,281330,281430,281530,281630,281540,281450,281360,281270,281180,281090,281000,280910,280820,280730,280544,280358,280172,279986,279800,279800,279800,279800,279800,279800,279800,10612086
CHE,Switzerland,11535,11578,11620,11663,11706,11748,11791,11834,11876,11919,11962,12000,12039,12077,12116,12155,12193,12232,12270,12309,12347,12382,12416,12450,12485,12519,12554,12588,12622,12657,12691,12726,8796669
SYR,Syria,3721,3781,3841,3901,3961,4021,4081,4141,4201,4261,4321,4381,4441,4501,4561,4621,4681,4741,4801,4861,4921,4981,5041,5101,5161,5221,5221,5221,5221,5221,5221,5221,23227014
TJK,Tajikistan,4084,4084,4084,4086,4088,4090,4092,4094,4096,4098,4100,4100,4100,4100,4100,4100,4100,4100,4100,4100,4100,4124,4147,4171,4194,4218,4218,4218,4218,4228,4238,4248,10143543
TZA,Tanzania,573900,570180,566460,562740,559020,555300,551580,547860,544140,540420,536700,532980,529260,525540,521820,518100,514380,510660,506940,503220,499500,495780,492060,488340,484620,480900,476210,471520,466830,462140,457450,452760,67438106
THA,Thailand,193610,193247,192884,192521,192158,191795,191432,191069,190706,190343,189980,191055,192130,193205,194280,195355,196430,197505,198580,199655,200730,200706,200682,200658,200634,200610,200170,199810,199450,199090,198730,198370,71801279
TLS,Timor-Leste,9631,9617,9603,9589,9575,9561,9547,9533,9519,9505,9491,9477,9463,9449,9435,9421,9407,9393,9379,9365,9351,9337,9323,9309,9295,9281,9267,9256,9239,9225,9211,9197,1360596
TGO,Togo,13617,13523,13430,13337,13244,13151,13057,12964,12871,12778,12685,12655,12625,12596,12566,12537,12507,12477,12448,12418,12389,12359,12330,12300,12270,12241,12211,12182,12152,12122,12093,12063,9053799
TON,Tonga,90,90,90,90,90,90,90,90,90,90,90,90,90,90,90,90,90,90,90,90,90,90,90,90,90,90,90,90,90,90,90,90,107773
TTO,Trinidad and Tobago,2421,2415,2410,2404,2399,2394,2388,2383,2377,2372,2367,2362,2358,2354,2350,2345,2341,2337,2333,2328,2324,2320,2316,2311,2307,2303,2299,2295,2290,2286,2282,2278,1534937
TUN,Tunisia,6440,6464,6488,6511,6535,6559,6583,6607,6631,6655,6679,6698,6718,6737,6757,6776,6796,6816,6835,6855,6874,6890,6905,6920,6936,6951,6966,6981,6997,7012,7027,7043,12458223
TUR,Turkey,197835,198200,198565,198929,199294,199659,200024,200389,200754,201119,201484,202418,203353,204288,205222,206157,207092,208027,208961,209896,210831,211925,213020,214114,215209,216303,216303,217525,219084,220644,222204,223764,85816199
TKM,Turkmenistan,41270,41270,41270,41270,41270,41270,41270,41270,41270,41270,41270,41270,41270,41270,41270,41270,41270,41270,41270,41270,41270,41270,41270,41270,41270,41270,41270,41270,41270,41270,41270,41270,6516100
TCA,Turks and Caicos Islands,105,105,105,105,105,105,105,105,105,105,105,105,105,105,105,105,105,105,105,105,105,105,105,105,105,105,105,105,105,105,105,105,46062
TUV,Tuvalu,10,10,10,10,10,10,10,10,10,10,10,10,10,10,10,10,10,10,10,10,10,10,10,10,10,10,10,10,10,10,10,10,11396
UGA,Uganda,35755,35342,34930,34517,34105,33692,33280,32867,32455,32042,31630,31217,30804,30392,29979,29567,29154,28742,28329,27917,27504,27092,26679,26267,25854,25442,25029,24617,24204,23792,23379,22966,48582334
UKR,Ukraine,93212,93212,93212,93448,93684,93920,94156,94392,94628,94864,95100,95138,95176,95214,95252,95290,95328,95366,95404,95442,95480,95698,95916,96134,96352,96570,96640,96710,96780,96840,96900,96960,36744634
ARE,United Arab Emirates,2450,2514,2579,2643,2708,2772,2837,2901,2965,3030,3094,3102,3110,3118,3126,3134,3142,3149,3157,3165,3173,3173,3173,3173,3173,3173,3173,3173,3173,3173,3173,3173,9516871
GBR,United Kingdom,27780,27956,28132,28308,28484,28660,28836,29012,29188,29364,29540,29645,29750,29855,29960,30065,30170,30275,30380,30485,30590,30782,30974,31166,31358,31550,31590,31640,31730,31820,31900,31987,67736802
USA,United States,3024500,3025586,3026672,3027758,3028844,3029930,3031016,3032102,3033188,3034274,3035360,3040544,3045728,3050912,3056096,3061280,3066464,3071648,3076832,3082016,3087200,3089950,3092700,3095450,3098200,3100950,3100950,3097950,3097950,3097950,3097950,3097950,339996563
URY,Uruguay,7980,8551,9122,9693,10264,10835,11406,11977,12548,13119,13690,14052,14415,14777,15139,15502,15864,16226,16588,16951,17313,17690,18068,18445,18823,19200,19470,19680,19890,20100,20310,20520,3423108
UZB,Uzbekistan,26318,26318,26318,26730,27142,27554,27966,28378,28790,29203,29615,30003,30391,30779,31167,31555,31943,32332,32720,33108,33496,33896,34295,34695,35094,35494,35863,36121,36380,36638,36897,37155,35163944
VUT,Vanuatu,4423,4423,4423,4423,4423,4423,4423,4423,4423,4423,4423,4423,4423,4423,4423,4423,4423,4423,4423,4423,4423,4423,4423,4423,4423,4423,4423,4423,4423,4423,4423,4423,334506
VEN,Venezuela,520260,517385,514510,511635,508760,505885,503010,500135,497260,494385,491510,489864,488218,486572,484926,483280,481634,479988,478342,476696,475050,473406,471762,470118,468474,466830,465433,464282,463378,462720,462309,461734,28838499
VNM,Vietnam,93760,96168,98576,100984,103392,105800,108208,110617,113025,115433,117841,119445,121049,122653,124257,125861,127465,129069,130673,132277,133881,135228,136576,137923,139271,140619,143777,144154,144913,145672,146431,147190,98858950
VIR,United States Virgin Islands,245,241,237,233,229,225,221,217,213,209,205,203,201,199,197,195,192,190,188,186,184,186,187,189,190,192,193,195,196,198,199,201,98750
PSE,Palestine,91,91,91,91,91,91,91,91,91,91,91,92,93,93,94,95,96,97,98,99,100,100,100,101,101,101,101,101,101,101,101,101,5371230
YEM,Yemen,5490,5490,5490,5490,5490,5490,5490,5490,5490,5490,5490,5490,5490,5490,5490,5490,5490,5490,5490,5490,5490,5490,5490,5490,5490,5490,5490,5490,5490,5490,5490,5490,34449825
ZMB,Zambia,474120,473762,473404,473046,472688,472330,471972,471614,471256,470898,470540,470182,469824,469466,469108,468750,468392,468034,467676,467318,466960,465078,463196,461315,459433,457551,455668,453787,451905,450022,448140,446258,20569737
ZWE,Zimbabwe,188267,187806,187345,186885,186424,185963,185503,185042,184581,184121,183660,183199,182738,182278,181817,181356,180896,180435,179974,179514,179053,178592,178131,177671,177210,176749,176289,175828,175367,174907,174446,173985,16665409
